{"Nephritis and Nephrosis": [[19680.004824][19690.004899][19700.004619][19710.004380][19720.004349][19730.004223][19740.004170][19750.004262][19760.004472][19770.004481][19780.004598][19790.008220][19800.008417][19810.008827][19820.009227][19830.009409][19840.009861][19850.010227][19860.010333][19870.010382][19880.010324][19890.009816][19900.009656][19910.009835][19920.010177][19930.010272][19940.010073][19950.010230][19960.010491][19970.010935][19980.011192][19990.014845][20000.015488][20010.016327][20020.016760][20030.017330][20040.017703][20050.017918][20060.018671][20070.019146][20080.019491][20090.020055][20100.020427][20110.018110][20120.017925][20130.018124][20140.018310],"Cancer": [[19680.165043][19690.168102][19700.172103][19710.174964][19720.175905][19730.177859][19740.186257][19750.193100][19760.197515][19770.203453][19780.205800][19790.210639][19800.209204][19810.213325][19820.219674][19830.219284][19840.222262][19850.221106][19860.222811][19870.224476][19880.223594][19890.230573][19900.235036][19910.237054][19920.239108][19930.233444][19940.234319][19950.232749][19960.232948][19970.233025][19980.231565][19990.229813][20000.230010][20010.229082][20020.227980][20030.227363][20040.230894][20050.228322][20060.230604][20070.232079][20080.228606][20090.232763][20100.232711][20110.229109][20120.228944][20130.225080][20140.225172],"Hypertension": [[19680.013865][19690.012857][19700.012106][19710.011349][19720.010835][19730.010237][19740.009804][19750.009149][19760.008807][19770.008486][19780.008201][19790.016669][19800.016389][19810.015969][19820.015988][19830.015743][19840.015365][19850.015061][19860.014718][19870.014756][19880.014620][19890.014936][19900.015190][19910.015368][19920.015910][19930.016205][19940.016770][19950.017297][19960.017987][19970.018399][19980.019029][19990.017987][20000.018573][20010.019362][20020.020354][20030.021817][20040.022824][20050.023430][20060.023312][20070.023827][20080.024696][20090.025352][20100.025590][20110.025906][20120.026795][20130.027711][20140.027937],"Homicide": [[19680.007609][19690.008052][19700.008779][19710.009751][19720.010008][19730.010379][19740.011109][19750.011265][19760.010244][19770.010522][19780.010617][19790.011803][19800.012223][19810.011920][19820.011398][19830.010021][19840.009729][19850.009563][19860.010352][19870.009965][19880.010192][19890.010675][19900.011627][19910.012248][19920.011736][19930.011480][19940.010961][19950.009925][19960.009083][19970.008592][19980.007828][19990.007078][20000.006991][20010.008427][20020.007236][20030.007267][20040.007269][20050.007427][20060.007685][20070.007613][20080.007237][20090.006916][20100.006597][20110.006475][20120.006582][20130.006222][20140.006038],"Other Unspecified Disease": [[19680.071032][19690.070725][19700.071745][19710.072539][19720.073694][19730.074526][19740.077016][19750.078772][19760.080130][19770.082852][19780.085059][19790.069723][19800.071362][19810.072737][19820.073679][19830.077140][19840.080019][19850.084347][19860.087578][19870.087994][19880.089669][19890.091932][19900.092784][19910.094223][19920.095378][19930.098137][19940.101473][19950.104601][19960.108610][19970.113854][19980.118248][19990.127684][20000.131139][20010.135231][20020.138381][20030.141969][20040.145600][20050.150960][20060.160165][20070.162125][20080.166605][20090.169867][20100.175779][20110.183037][20120.187488][20130.191928][20140.192293],"Perinatal Complications": [[19680.022714][19690.022461][19700.022488][19710.019971][19720.017216][19730.015462][19740.014882][19750.014060][19760.012991][19770.012316][19780.011423][19790.012254][19800.011487][19810.010979][19820.010520][19830.009557][19840.009254][19850.009218][19860.008729][19870.008579][19880.008400][19890.008715][19900.008223][19910.007730][19920.007227][19930.006652][19940.006354][19950.005822][19960.005648][19970.005657][19980.005747][19990.005960][20000.005856][20010.005746][20020.005835][20030.005876][20040.005927][20050.005943][20060.005952][20070.006032][20080.005645][20090.005386][20100.004916][20110.004792][20120.004697][20130.004660][20140.004539],"Mortal Events of Undetermined Intent": [[19680.002235][19690.002678][19700.002828][19710.002632][19720.002590][19730.002563][19740.002670][19750.002574][19760.002495][19770.002351][19780.002162][19790.002031][19800.001855][19810.001800][19820.001571][19830.001547][19840.001482][19850.001365][19860.001482][19870.001425][19880.001403][19890.001258][19900.001113][19910.001162][19920.001337][19930.001518][19940.001506][19950.001434][19960.001505][19970.001587][19980.001610][19990.001815][20000.001747][20010.001912][20020.002143][20030.002255][20040.002246][20050.002129][20060.002316][20070.002409][20080.002221][20090.002241][20100.002166][20110.002105][20120.002098][20130.001980][20140.001957],"Other Infectious Diseases": [[19680.005646][19690.005557][19700.005714][19710.005793][19720.005564][19730.005790][19740.006165][19750.006517][19760.006917][19770.007253][19780.007770][19790.006891][19800.007623][19810.008337][19820.009001][19830.009871][19840.011119][19850.012551][19860.014141][19870.019432][19880.021261][19890.023608][19900.024991][19910.026996][19920.028861][19930.030161][19940.032352][19950.032748][19960.027877][19970.022101][19980.021443][19990.011166][20000.013274][20010.013390][20020.012280][20030.012859][20040.012589][20050.013113][20060.013117][20070.013861][20080.015629][20090.016395][20100.015616][20110.016061][20120.016615][20130.014615][20140.012356],"Cirrhosis of the Liver": [[19680.015120][19690.015539][19700.016339][19710.016500][19720.016583][19730.016898][19740.017219][19750.016703][19760.016464][19770.016234][19780.015593][19790.015525][19800.015367][19810.014730][19820.013983][19830.013501][19840.013397][19850.012832][19860.012423][19870.012340][19880.012187][19890.012409][19900.012015][19910.011722][19920.011612][19930.011112][19940.011149][19950.010911][19960.010820][19970.010879][19980.010781][19990.010981][20000.011051][20010.011188][20020.011153][20030.011230][20040.011267][20050.011249][20060.011361][20070.012046][20080.012143][20090.012545][20100.012930][20110.013387][20120.013758][20130.014035][20140.014543],"Diabetes": [[19680.019870][19690.020052][19700.019942][19710.019837][19720.019681][19730.019353][19740.019287][19750.018600][19760.018061][19770.017361][19780.017547][19790.017332][19800.017496][19810.017630][19820.017575][19830.017940][19840.017538][19850.017708][19860.017650][19870.018134][19880.018609][19890.021760][19900.022168][19910.022545][19920.022996][19930.023743][19940.024865][19950.025619][19960.026667][19970.027043][19980.027687][19990.028586][20000.028816][20010.029520][20020.029963][20030.030295][20040.030491][20050.030665][20060.029836][20070.029427][20080.028524][20090.028172][20100.027968][20110.029333][20120.029047][20130.029084][20140.029108],"Tuberculosis": [[19680.003260][19690.002896][19700.002717][19710.002335][19720.002228][19730.001962][19740.001818][19750.001760][19760.001639][19770.001562][19780.001511][19790.001049][19800.000995][19810.000941][19820.000918][19830.000880][19840.000848][19850.000843][19860.000848][19870.000829][19880.000888][19890.000916][19900.000844][19910.000789][19920.000784][19930.000720][19940.000652][19950.000579][19960.000521][19970.000506][19980.000477][19990.000390][20000.000324][20010.000318][20020.000322][20030.000293][20040.000275][20050.000266][20060.000270][20070.000231][20080.000236][20090.000220][20100.000232][20110.000215][20120.000203][20130.000215][20140.000189],"System or Organ Failure": [[19680.012256][19690.013610][19700.013422][19710.013768][19720.014006][19730.015413][19740.016106][19750.016788][19760.016132][19770.016929][19780.016252][19790.014413][19800.014477][19810.015031][19820.014948][19830.014679][19840.014581][19850.014847][19860.014920][19870.014734][19880.014288][19890.012559][19900.011247][19910.011232][19920.010777][19930.011708][19940.011081][19950.011809][19960.011325][19970.011130][19980.011121],