{"Nephritis and Nephrosis": [[1968,0.0048241],[1969,0.0048996],[1970,0.0046199],[1971,0.0043805],[1972,0.0043499],[1973,0.0042235],[1974,0.0041705],[1975,0.0042620],[1976,0.0044720],[1977,0.0044819],[1978,0.0045985],[1979,0.0082201],[1980,0.0084179],[1981,0.0088275],[1982,0.0092272],[1983,0.0094096],[1984,0.0098614],[1985,0.0102270],[1986,0.0103335],[1987,0.0103821],[1988,0.0103247],[1989,0.0098168],[1990,0.0096562],[1991,0.0098350],[1992,0.0101772],[1993,0.0102722],[1994,0.0100737],[1995,0.0102300],[1996,0.0104917],[1997,0.0109351],[1998,0.0111928],[1999,0.0148459],[2000,0.0154886],[2001,0.0163271],[2002,0.0167603],[2003,0.0173305],[2004,0.0177030],[2005,0.0179180],[2006,0.0186718],[2007,0.0191468],[2008,0.0194916],[2009,0.0200551],[2010,0.0204276],[2011,0.0181103],[2012,0.0179252],[2013,0.0181249],[2014,0.0183109]],"Cancer": [[1968,0.1650432],[1969,0.1681029],[1970,0.1721034],[1971,0.1749646],[1972,0.1759052],[1973,0.1778590],[1974,0.1862579],[1975,0.1931008],[1976,0.1975154],[1977,0.2034534],[1978,0.2058000],[1979,0.2106396],[1980,0.2092044],[1981,0.2133253],[1982,0.2196742],[1983,0.2192845],[1984,0.2222627],[1985,0.2211065],[1986,0.2228114],[1987,0.2244761],[1988,0.2235947],[1989,0.2305736],[1990,0.2350366],[1991,0.2370547],[1992,0.2391084],[1993,0.2334443],[1994,0.2343197],[1995,0.2327497],[1996,0.2329489],[1997,0.2330257],[1998,0.2315654],[1999,0.2298132],[2000,0.2300102],[2001,0.2290827],[2002,0.2279802],[2003,0.2273638],[2004,0.2308945],[2005,0.2283224],[2006,0.2306049],[2007,0.2320797],[2008,0.2286065],[2009,0.2327632],[2010,0.2327111],[2011,0.2291096],[2012,0.2289447],[2013,0.2250805],[2014,0.2251720]],"Hypertension": [[1968,0.0138652],[1969,0.0128575],[1970,0.0121068],[1971,0.0113492],[1972,0.0108352],[1973,0.0102373],[1974,0.0098044],[1975,0.0091492],[1976,0.0088074],[1977,0.0084864],[1978,0.0082010],[1979,0.0166697],[1980,0.0163897],[1981,0.0159692],[1982,0.0159882],[1983,0.0157438],[1984,0.0153650],[1985,0.0150619],[1986,0.0147189],[1987,0.0147563],[1988,0.0146205],[1989,0.0149369],[1990,0.0151904],[1991,0.0153687],[1992,0.0159101],[1993,0.0162050],[1994,0.0167709],[1995,0.0172975],[1996,0.0179871],[1997,0.0183993],[1998,0.0190297],[1999,0.0179876],[2000,0.0185735],[2001,0.0193623],[2002,0.0203548],[2003,0.0218171],[2004,0.0228242],[2005,0.0234307],[2006,0.0233124],[2007,0.0238278],[2008,0.0246967],[2009,0.0253525],[2010,0.0255907],[2011,0.0259064],[2012,0.0267950],[2013,0.0277114],[2014,0.0279378]],"Homicide": [[1968,0.0076090],[1969,0.0080526],[1970,0.0087797],[1971,0.0097519],[1972,0.0100081],[1973,0.0103791],[1974,0.0111094],[1975,0.0112657],[1976,0.0102447],[1977,0.0105225],[1978,0.0106173],[1979,0.0118037],[1980,0.0122234],[1981,0.0119209],[1982,0.0113986],[1983,0.0100213],[1984,0.0097292],[1985,0.0095631],[1986,0.0103525],[1987,0.0099650],[1988,0.0101921],[1989,0.0106753],[1990,0.0116270],[1991,0.0122482],[1992,0.0117369],[1993,0.0114809],[1994,0.0109614],[1995,0.0099259],[1996,0.0090837],[1997,0.0085926],[1998,0.0078288],[1999,0.0070780],[2000,0.0069915],[2001,0.0084270],[2002,0.0072360],[2003,0.0072679],[2004,0.0072695],[2005,0.0074271],[2006,0.0076854],[2007,0.0076138],[2008,0.0072371],[2009,0.0069166],[2010,0.0065973],[2011,0.0064754],[2012,0.0065824],[2013,0.0062223],[2014,0.0060384]],"Other Unspecified Disease": [[1968,0.0710327],[1969,0.0707257],[1970,0.0717459],[1971,0.0725394],[1972,0.0736947],[1973,0.0745264],[1974,0.0770167],[1975,0.0787722],[1976,0.0801305],[1977,0.0828524],[1978,0.0850599],[1979,0.0697238],[1980,0.0713624],[1981,0.0727375],[1982,0.0736794],[1983,0.0771401],[1984,0.0800194],[1985,0.0843471],[1986,0.0875784],[1987,0.0879943],[1988,0.0896695],[1989,0.0919327],[1990,0.0927849],[1991,0.0942238],[1992,0.0953787],[1993,0.0981374],[1994,0.1014732],[1995,0.1046016],[1996,0.1086104],[1997,0.1138547],[1998,0.1182480],[1999,0.1276845],[2000,0.1311395],[2001,0.1352312],[2002,0.1383810],[2003,0.1419691],[2004,0.1456001],[2005,0.1509607],[2006,0.1601658],[2007,0.1621250],[2008,0.1666054],[2009,0.1698672],[2010,0.1757790],[2011,0.1830373],[2012,0.1874884],[2013,0.1919282],[2014,0.1922938]],"Perinatal Complications": [[1968,0.0227141],[1969,0.0224616],[1970,0.0224882],[1971,0.0199712],[1972,0.0172167],[1973,0.0154623],[1974,0.0148827],[1975,0.0140607],[1976,0.0129912],[1977,0.0123163],[1978,0.0114237],[1979,0.0122544],[1980,0.0114874],[1981,0.0109791],[1982,0.0105209],[1983,0.0095570],[1984,0.0092547],[1985,0.0092185],[1986,0.0087290],[1987,0.0085791],[1988,0.0084004],[1989,0.0087151],[1990,0.0082235],[1991,0.0077306],[1992,0.0072275],[1993,0.0066524],[1994,0.0063541],[1995,0.0058223],[1996,0.0056487],[1997,0.0056576],[1998,0.0057474],[1999,0.0059607],[2000,0.0058562],[2001,0.0057468],[2002,0.0058358],[2003,0.0058769],[2004,0.0059274],[2005,0.0059437],[2006,0.0059521],[2007,0.0060329],[2008,0.0056456],[2009,0.0053867],[2010,0.0049164],[2011,0.0047924],[2012,0.0046973],[2013,0.0046601],[2014,0.0045390]],"Mortal Events of Undetermined Intent": [[1968,0.0022357],[1969,0.0026780],[1970,0.0028284],[1971,0.0026328],[1972,0.0025900],[1973,0.0025634],[1974,0.0026708],[1975,0.0025745],[1976,0.0024959],[1977,0.0023511],[1978,0.0021625],[1979,0.0020310],[1980,0.0018554],[1981,0.0018003],[1982,0.0015718],[1983,0.0015473],[1984,0.0014826],[1985,0.0013650],[1986,0.0014827],[1987,0.0014255],[1988,0.0014038],[1989,0.0012587],[1990,0.0011134],[1991,0.0011629],[1992,0.0013377],[1993,0.0015185],[1994,0.0015068],[1995,0.0014340],[1996,0.0015050],[1997,0.0015879],[1998,0.0016106],[1999,0.0018151],[2000,0.0017477],[2001,0.0019120],[2002,0.0021432],[2003,0.0022552],[2004,0.0022466],[2005,0.0021293],[2006,0.0023166],[2007,0.0024099],[2008,0.0022214],[2009,0.0022411],[2010,0.0021666],[2011,0.0021053],[2012,0.0020986],[2013,0.0019804],[2014,0.0019573]],"Other Infectious Diseases": [[1968,0.0056464],[1969,0.0055573],[1970,0.0057141],[1971,0.0057938],[1972,0.0055646],[1973,0.0057900],[1974,0.0061653],[1975,0.0065177],[1976,0.0069172],[1977,0.0072535],[1978,0.0077705],[1979,0.0068913],[1980,0.0076232],[1981,0.0083374],[1982,0.0090012],[1983,0.0098710],[1984,0.0111193],[1985,0.0125516],[1986,0.0141412],[1987,0.0194329],[1988,0.0212611],[1989,0.0236088],[1990,0.0249911],[1991,0.0269960],[1992,0.0288612],[1993,0.0301618],[1994,0.0323522],[1995,0.0327481],[1996,0.0278771],[1997,0.0221019],[1998,0.0214439],[1999,0.0111668],[2000,0.0132744],[2001,0.0133907],[2002,0.0122805],[2003,0.0128593],[2004,0.0125897],[2005,0.0131139],[2006,0.0131179],[2007,0.0138613],[2008,0.0156294],[2009,0.0163951],[2010,0.0156167],[2011,0.0160613],[2012,0.0166155],[2013,0.0146153],[2014,0.0123569]],"Cirrhosis of the Liver": [[1968,0.0151201],[1969,0.0155391],[1970,0.0163399],[1971,0.0165003],[1972,0.0165839],[1973,0.0168987],[1974,0.0172194],[1975,0.0167033],[1976,0.0164642],[1977,0.0162341],[1978,0.0155934],[1979,0.0155255],[1980,0.0153677],[1981,0.0147301],[1982,0.0139831],[1983,0.0135012],[1984,0.0133976],[1985,0.0128325],[1986,0.0124237],[1987,0.0123400],[1988,0.0121873],[1989,0.0124098],[1990,0.0120155],[1991,0.0117222],[1992,0.0116126],[1993,0.0111121],[1994,0.0111498],[1995,0.0109111],[1996,0.0108204],[1997,0.0108799],[1998,0.0107814],[1999,0.0109810],[2000,0.0110510],[2001,0.0111886],[2002,0.0111534],[2003,0.0112309],[2004,0.0112676],[2005,0.0112493],[2006,0.0113612],[2007,0.0120465],[2008,0.0121438],[2009,0.0125458],[2010,0.0129304],[2011,0.0133870],[2012,0.0137582],[2013,0.0140356],[2014,0.0145433]],