{"1979":{"female":{"Widowed":80.2527135,"Single":49.0488133,"Divorced":62.7274462,"Married":64.0739046},"male":{"Divorced":59.2572937,"Widowed":79.1863229,"Married":66.9250780,"Single":39.2717950}}}
