{"Nephritis and Nephrosis": [[68,0.0048241],[69,0.0048996],[70,0.0046199],[71,0.0043805],[72,0.0043499],[73,0.0042235],[74,0.0041705],[75,0.0042620],[76,0.0044720],[77,0.0044819],[78,0.0045985],[79,0.0082201],[80,0.0084179],[81,0.0088275],[82,0.0092272],[83,0.0094096],[84,0.0098614],[85,0.0102270],[86,0.0103335],[87,0.0103821],[88,0.0103247],[89,0.0098168],[90,0.0096562],[91,0.0098350],[92,0.0101772],[93,0.0102722],[94,0.0100737],[95,0.0102300],[96,0.0104917],[97,0.0109351],[98,0.0111928]],"Cancer": [[68,0.1650432],[69,0.1681029],[70,0.1721034],[71,0.1749646],[72,0.1759052],[73,0.1778590],[74,0.1862579],[75,0.1931008],[76,0.1975154],[77,0.2034534],[78,0.2058000],[79,0.2106396],[80,0.2092044],[81,0.2133253],[82,0.2196742],[83,0.2192845],[84,0.2222627],[85,0.2211065],[86,0.2228114],[87,0.2244761],[88,0.2235947],[89,0.2305736],[90,0.2350366],[91,0.2370547],[92,0.2391084],[93,0.2334443],[94,0.2343197],[95,0.2327497],[96,0.2329489],[97,0.2330257],[98,0.2315654]],"Hypertension": [[68,0.0138652],[69,0.0128575],[70,0.0121068],[71,0.0113492],[72,0.0108352],[73,0.0102373],[74,0.0098044],[75,0.0091492],[76,0.0088074],[77,0.0084864],[78,0.0082010],[79,0.0166697],[80,0.0163897],[81,0.0159692],[82,0.0159882],[83,0.0157438],[84,0.0153650],[85,0.0150619],[86,0.0147189],[87,0.0147563],[88,0.0146205],[89,0.0149369],[90,0.0151904],[91,0.0153687],[92,0.0159101],[93,0.0162050],[94,0.0167709],[95,0.0172975],[96,0.0179871],[97,0.0183993],[98,0.0190297]],"Vehiclular Accidents": [[68,0.0284247],[69,0.0290277],[70,0.0285210],[71,0.0283155],[72,0.0287528],[73,0.0282306],[74,0.0240793],[75,0.0242896],[76,0.0247230],[77,0.0261500],[78,0.0272725],[79,0.0280607],[80,0.0268301],[81,0.0260473],[82,0.0231390],[83,0.0221023],[84,0.0227767],[85,0.0220922],[86,0.0228327],[87,0.0228500],[88,0.0227483],[89,0.0222470],[90,0.0219114],[91,0.0201798],[92,0.0189539],[93,0.0185678],[94,0.0187492],[95,0.0188632],[96,0.0189728],[97,0.0188947],[98,0.0187110]],"Homicide": [[68,0.0076090],[69,0.0080526],[70,0.0087797],[71,0.0097519],[72,0.0100081],[73,0.0103791],[74,0.0111094],[75,0.0112657],[76,0.0102447],[77,0.0105225],[78,0.0106173],[79,0.0118037],[80,0.0122234],[81,0.0119209],[82,0.0113986],[83,0.0100213],[84,0.0097292],[85,0.0095631],[86,0.0103525],[87,0.0099650],[88,0.0101921],[89,0.0106753],[90,0.0116270],[91,0.0122482],[92,0.0117369],[93,0.0114809],[94,0.0109614],[95,0.0099259],[96,0.0090837],[97,0.0085926],[98,0.0078288]],"Other Unspecified Disease": [[68,0.0710327],[69,0.0707257],[70,0.0717459],[71,0.0725394],[72,0.0736947],[73,0.0745264],[74,0.0770167],[75,0.0787722],[76,0.0801305],[77,0.0828524],[78,0.0850599],[79,0.0697238],[80,0.0713624],[81,0.0727375],[82,0.0736794],[83,0.0771401],[84,0.0800194],[85,0.0843471],[86,0.0875784],[87,0.0879943],[88,0.0896695],[89,0.0919327],[90,0.0927849],[91,0.0942238],[92,0.0953787],[93,0.0981374],[94,0.1014732],[95,0.1046016],[96,0.1086104],[97,0.1138547],[98,0.1182480]],"Perinatal Complications": [[68,0.0227141],[69,0.0224616],[70,0.0224882],[71,0.0199712],[72,0.0172167],[73,0.0154623],[74,0.0148827],[75,0.0140607],[76,0.0129912],[77,0.0123163],[78,0.0114237],[79,0.0122544],[80,0.0114874],[81,0.0109791],[82,0.0105209],[83,0.0095570],[84,0.0092547],[85,0.0092185],[86,0.0087290],[87,0.0085791],[88,0.0084004],[89,0.0087151],[90,0.0082235],[91,0.0077306],[92,0.0072275],[93,0.0066524],[94,0.0063541],[95,0.0058223],[96,0.0056487],[97,0.0056576],[98,0.0057474]],"Mortal Events of Undetermined Intent": [[68,0.0022357],[69,0.0026780],[70,0.0028284],[71,0.0026328],[72,0.0025900],[73,0.0025634],[74,0.0026708],[75,0.0025745],[76,0.0024959],[77,0.0023511],[78,0.0021625],[79,0.0020310],[80,0.0018554],[81,0.0018003],[82,0.0015718],[83,0.0015473],[84,0.0014826],[85,0.0013650],[86,0.0014827],[87,0.0014255],[88,0.0014038],[89,0.0012587],[90,0.0011134],[91,0.0011629],[92,0.0013377],[93,0.0015185],[94,0.0015068],[95,0.0014340],[96,0.0015050],[97,0.0015879],[98,0.0016106]],"Other Infectious Diseases": [[68,0.0056464],[69,0.0055573],[70,0.0057141],[71,0.0057938],[72,0.0055646],[73,0.0057900],[74,0.0061653],[75,0.0065177],[76,0.0069172],[77,0.0072535],[78,0.0077705],[79,0.0068913],[80,0.0076232],[81,0.0083374],[82,0.0090012],[83,0.0098710],[84,0.0111193],[85,0.0125516],[86,0.0141412],[87,0.0194329],[88,0.0212611],[89,0.0236088],[90,0.0249911],[91,0.0269960],[92,0.0288612],[93,0.0301618],[94,0.0323522],[95,0.0327481],[96,0.0278771],[97,0.0221019],[98,0.0214439]],"Cirrhosis of the Liver": [[68,0.0151201],[69,0.0155391],[70,0.0163399],[71,0.0165003],[72,0.0165839],[73,0.0168987],[74,0.0172194],[75,0.0167033],[76,0.0164642],[77,0.0162341],[78,0.0155934],[79,0.0155255],[80,0.0153677],[81,0.0147301],[82,0.0139831],[83,0.0135012],[84,0.0133976],[85,0.0128325],[86,0.0124237],[87,0.0123400],[88,0.0121873],[89,0.0124098],[90,0.0120155],[91,0.0117222],[92,0.0116126],[93,0.0111121],[94,0.0111498],[95,0.0109111],[96,0.0108204],[97,0.0108799],[98,0.0107814]],"Diabetes": [[68,0.0198707],[69,0.0200527],[70,0.0199426],[71,0.0198370],[72,0.0196816],[73,0.0193532],[74,0.0192876],[75,0.0186008],[76,0.0180615],[77,0.0173618],[78,0.0175477],[79,0.0173322],[80,0.0174960],[81,0.0176302],[82,0.0175757],[83,0.0179409],[84,0.0175385],[85,0.0177081],[86,0.0176500],[87,0.0181344],[88,0.0186096],[89,0.0217605],[90,0.0221689],[91,0.0225456],[92,0.0229962],[93,0.0237431],[94,0.0248658],[95,0.0256197],[96,0.0266675],[97,0.0270437],[98,0.0276873]],"Tuberculosis": [[68,0.0032600],[69,0.0028965],[70,0.0027172],[71,0.0023359],[72,0.0022289],[73,0.0019624],[74,0.0018183],[75,0.0017603],[76,0.0016392],[77,0.0015625],[78,0.0015119],[79,0.0010497],[80,0.0009959],[81,0.0009418],[82,0.0009181],[83,0.0008807],[84,0.0008486],[85,0.0008433],[86,0.0008480],[87,0.0008291],[88,0.0008880],[89,0.0009165],[90,0.0008444],[91,0.0007892],[92,0.0007847],[93,0.0007201],[94,0.0006529],[95,0.0005796],[96,0.0005215],[97,0.0005061],[98,0.0004772]],"System or Organ Failure": [[68,0.0122565],[69,0.0136109],[70,0.0134220],[71,0.0137685],[72,0.0140061],[73,0.0154132],[74,0.0161066],[75,0.0167882],[76,0.0161321],[77,0.0169291],[78,0.0162522],[79,0.0144133],[80,0.0144772],[81,0.0150319],[82,0.0149487],[83,0.0146796],[84,0.0145811],[85,0.0148475],[86,0.0149200],[87,0.0147342],[88,0.0142880],[89,0.0125593],[90,0.0112473],[91,0.0112325],[92,0.0107774],[93,0.0117089],[94,0.0110819],[95,0.0118091],[96,0.0113255],[97,0.0111305],[98,0.0111218]],"Heart Disease": [[68,0.3681719],[69,0.3681325],[70,0.3672691],[71,0.3707115],[72,0.3707321],[73,0.3702250],[74,0.3684192],[75,0.3656721],[76,0.3666266],[77,0.3662030],[78,0.3660831],[79,0.3661549],[80,0.3660421],[81,0.3649759],[82,0.3667211],[83,0.3661951],[84,0.3602133],[85,0.3550841],[86,0.3495967],[87,0.3441963],[88,0.3392623],[89,0.3276073],[90,0.3214765],[91,0.3186028],[92,0.3161353],[93,0.3139910],[94,0.3074533],[95,0.3049121],[96,0.3022838],[97,0.2994607],[98,0.2952295]],"Rheumatic Disease": [[68,0.0084753],[69,0.0080292],[70,0.0077692],[71,0.0076129],[72,0.0072045],[73,0.0069727],[74,0.0068893],[75,0.0068417],[76,0.0068790],[77,0.0067436],[78,0.0069677],[79,0.0040819],[80,0.0039485],[81,0.0037637],[82,0.0036735],[83,0.0034230],[84,0.0033967],[85,0.0031684],[86,0.0030659],[87,0.0030127],[88,0.0029684],[89,0.0028335],[90,0.0028022],[91,0.0027450],[92,0.0026253],[93,0.0025339],[94,0.0023783],[95,0.0022287],[96,0.0021637],[97,0.0021704],[98,0.0020502]],"Digestive Tract Disease": [[68,0.0049013],[69,0.0048450],[70,0.0044801],[71,0.0042131],[72,0.0040305],[73,0.0038965],[74,0.0036541],[75,0.0035639],[76,0.0033663],[77,0.0031066],[78,0.0028752],[79,0.0030823],[80,0.0030730],[81,0.0032266],[82,0.0034101],[83,0.0031535],[84,0.0032209],[85,0.0031847],[86,0.0030753],[87,0.0029943],[88,0.0029679],[89,0.0030030],[90,0.0028779],[91,0.0028195],[92,0.0028176],[93,0.0026211],[94,0.0026706],[95,0.0023635],[96,0.0022051],[97,0.0022122],[98,0.0020105]],