{"Nephritis and Nephrosis": [[68,0.0180017],[69,0.0182066],[70,0.0171761],[71,0.0163409],[72,0.0082671],[73,0.0161282],[74,0.0156139],[75,0.0156159],[76,0.0165304],[77,0.0164820],[78,0.0171645],[79,0.0304623],[80,0.0324382],[81,0.0338147],[82,0.0352860],[83,0.0367883],[84,0.0389382],[85,0.0413124],[86,0.0421225],[87,0.0426812],[88,0.0433405],[89,0.0408793],[90,0.0401736],[91,0.0413201],[92,0.0428784],[93,0.0451211],[94,0.0444502],[95,0.0457920],[96,0.0470236],[97,0.0489975],[98,0.0506525]],"Cancer": [[68,0.0236706],[69,0.0240083],[70,0.0245922],[71,0.0250857],[72,0.0128490],[73,0.0261040],[74,0.0268017],[75,0.0271932],[76,0.0280610],[77,0.0287565],[78,0.0295243],[79,0.0300018],[80,0.0309845],[81,0.0314074],[82,0.0322874],[83,0.0329508],[84,0.0337305],[85,0.0343285],[86,0.0349079],[87,0.0354682],[88,0.0360742],[89,0.0369031],[90,0.0375830],[91,0.0382786],[92,0.0387191],[93,0.0394110],[94,0.0397389],[95,0.0400427],[96,0.0401282],[97,0.0401306],[98,0.0402770]],"Hypertension": [[68,0.0295265],[69,0.0272658],[70,0.0256869],[71,0.0241610],[72,0.0117517],[73,0.0223096],[74,0.0209480],[75,0.0191308],[76,0.0185792],[77,0.0178101],[78,0.0174692],[79,0.0352540],[80,0.0360428],[81,0.0349097],[82,0.0348921],[83,0.0351271],[84,0.0346228],[85,0.0347221],[86,0.0342400],[87,0.0346195],[88,0.0350245],[89,0.0354967],[90,0.0360660],[91,0.0368483],[92,0.0382539],[93,0.0406217],[94,0.0422315],[95,0.0441866],[96,0.0460071],[97,0.0470487],[98,0.0491461]],"Vehiclular Accidents": [[68,0.0371934],[69,0.0378232],[70,0.0371819],[71,0.0370388],[72,0.0191614],[73,0.0378015],[74,0.0316119],[75,0.0312071],[76,0.0320451],[77,0.0337210],[78,0.0356958],[79,0.0364639],[80,0.0362538],[81,0.0349874],[82,0.0310282],[83,0.0303007],[84,0.0315359],[85,0.0312932],[86,0.0326362],[87,0.0329393],[88,0.0334844],[89,0.0324851],[90,0.0319658],[91,0.0297292],[92,0.0280018],[93,0.0285991],[94,0.0290099],[95,0.0296079],[96,0.0298180],[97,0.0296872],[98,0.0296919]],"Homicide": [[68,0.0225535],[69,0.0237683],[70,0.0259275],[71,0.0288960],[72,0.0151084],[73,0.0314822],[74,0.0330379],[75,0.0327875],[76,0.0300801],[77,0.0307374],[78,0.0314791],[79,0.0347456],[80,0.0374147],[81,0.0362721],[82,0.0346243],[83,0.0311213],[84,0.0305147],[85,0.0306851],[86,0.0335201],[87,0.0325403],[88,0.0339839],[89,0.0353107],[90,0.0384236],[91,0.0408746],[92,0.0392790],[93,0.0400576],[94,0.0384190],[95,0.0352923],[96,0.0323391],[97,0.0305823],[98,0.0281420]],"Other Unspecified Disease": [[68,0.0250578],[69,0.0248449],[70,0.0252161],[71,0.0255813],[72,0.0132403],[73,0.0269038],[74,0.0272587],[75,0.0272849],[76,0.0280010],[77,0.0288037],[78,0.0300146],[79,0.0244265],[80,0.0259965],[81,0.0263403],[82,0.0266362],[83,0.0285109],[84,0.0298693],[85,0.0322104],[86,0.0337486],[87,0.0341977],[88,0.0355838],[89,0.0361906],[90,0.0364927],[91,0.0374232],[92,0.0379887],[93,0.0407513],[94,0.0423283],[95,0.0442634],[96,0.0460186],[97,0.0482276],[98,0.0505883]],"Perinatal Complications": [[68,0.0630671],[69,0.0621047],[70,0.0622097],[71,0.0554340],[72,0.0243464],[73,0.0439340],[74,0.0414597],[75,0.0383337],[76,0.0357313],[77,0.0337015],[78,0.0317277],[79,0.0337907],[80,0.0329376],[81,0.0312933],[82,0.0299367],[83,0.0278019],[84,0.0271905],[85,0.0277084],[86,0.0264755],[87,0.0262425],[88,0.0262381],[89,0.0270035],[90,0.0254570],[91,0.0241666],[92,0.0226575],[93,0.0217426],[94,0.0208622],[95,0.0193920],[96,0.0188381],[97,0.0188626],[98,0.0193531]],"Mortal Events of Undetermined Intent": [[68,0.0374442],[69,0.0446641],[70,0.0471980],[71,0.0440827],[72,0.0220934],[73,0.0439352],[74,0.0448810],[75,0.0423385],[76,0.0414100],[77,0.0388066],[78,0.0362294],[79,0.0337823],[80,0.0320901],[81,0.0309533],[82,0.0269789],[83,0.0271525],[84,0.0262761],[85,0.0247488],[86,0.0271265],[87,0.0263021],[88,0.0264496],[89,0.0235252],[90,0.0207918],[91,0.0219285],[92,0.0252955],[93,0.0299380],[94,0.0298426],[95,0.0288099],[96,0.0302765],[97,0.0319339],[98,0.0327149]],"Other Infectious Diseases": [[68,0.0110494],[69,0.0108294],[70,0.0111407],[71,0.0113343],[72,0.0055460],[73,0.0115949],[74,0.0121049],[75,0.0125236],[76,0.0134087],[77,0.0139887],[78,0.0152104],[79,0.0133925],[80,0.0154051],[81,0.0167485],[82,0.0180514],[83,0.0202383],[84,0.0230245],[85,0.0265894],[86,0.0302292],[87,0.0418951],[88,0.0468033],[89,0.0515565],[90,0.0545252],[91,0.0594790],[92,0.0637678],[93,0.0694781],[94,0.0748628],[95,0.0768734],[96,0.0655229],[97,0.0519347],[98,0.0508914]],"Cirrhosis of the Liver": [[68,0.0338588],[69,0.0346512],[70,0.0364553],[71,0.0369380],[72,0.0189139],[73,0.0387247],[74,0.0386876],[75,0.0367268],[76,0.0365215],[77,0.0358265],[78,0.0349285],[79,0.0345270],[80,0.0355376],[81,0.0338611],[82,0.0320894],[83,0.0316764],[84,0.0317460],[85,0.0311079],[86,0.0303909],[87,0.0304431],[88,0.0307006],[89,0.0310116],[90,0.0299987],[91,0.0295543],[92,0.0293606],[93,0.0292910],[94,0.0295242],[95,0.0293095],[96,0.0291030],[97,0.0292550],[98,0.0292794]],"Diabetes": [[68,0.0294747],[69,0.0296199],[70,0.0294724],[71,0.0294155],[72,0.0148688],[73,0.0293771],[74,0.0287046],[75,0.0270915],[76,0.0265389],[77,0.0253800],[78,0.0260363],[79,0.0255321],[80,0.0268002],[81,0.0268455],[82,0.0267172],[83,0.0278823],[84,0.0275280],[85,0.0284349],[86,0.0285993],[87,0.0296345],[88,0.0310525],[89,0.0360203],[90,0.0366628],[91,0.0376526],[92,0.0385134],[93,0.0414569],[94,0.0436149],[95,0.0455862],[96,0.0475113],[97,0.0481684],[98,0.0498069]],"Tuberculosis": [[68,0.0815480],[69,0.0721516],[70,0.0677191],[71,0.0584134],[72,0.0283966],[73,0.0502352],[74,0.0456342],[75,0.0432365],[76,0.0406185],[77,0.0385189],[78,0.0378320],[79,0.0260767],[80,0.0257268],[81,0.0241845],[82,0.0235364],[83,0.0230828],[84,0.0224607],[85,0.0228366],[86,0.0231735],[87,0.0228495],[88,0.0249880],[89,0.0255842],[90,0.0235494],[91,0.0222274],[92,0.0221626],[93,0.0212035],[94,0.0193113],[95,0.0173931],[96,0.0156693],[97,0.0152028],[98,0.0144770]],"System or Organ Failure": [[68,0.0274934],[69,0.0304035],[70,0.0299968],[71,0.0308754],[72,0.0160014],[73,0.0353813],[74,0.0362495],[75,0.0369770],[76,0.0358462],[77,0.0374245],[78,0.0364668],[79,0.0321085],[80,0.0335357],[81,0.0346142],[82,0.0343644],[83,0.0345004],[84,0.0346096],[85,0.0360542],[86,0.0365598],[87,0.0364122],[88,0.0360542],[89,0.0314391],[90,0.0281291],[91,0.0283685],[92,0.0272958],[93,0.0309172],[94,0.0293947],[95,0.0317761],[96,0.0305140],[97,0.0299805],[98,0.0302559]],"Heart Disease": [[68,0.0326937],[69,0.0325532],[70,0.0324933],[71,0.0329089],[72,0.0167669],[73,0.0336433],[74,0.0328241],[75,0.0318838],[76,0.0322499],[77,0.0320475],[78,0.0325174],[79,0.0322905],[80,0.0335665],[81,0.0332702],[82,0.0333727],[83,0.0340700],[84,0.0338468],[85,0.0341339],[86,0.0339121],[87,0.0336726],[88,0.0338901],[89,0.0324645],[90,0.0318278],[91,0.0318536],[92,0.0316961],[93,0.0328211],[94,0.0322840],[95,0.0324796],[96,0.0322408],[97,0.0319311],[98,0.0317940]],"Rheumatic Disease": [[68,0.0598688],[69,0.0564797],[70,0.0546790],[71,0.0537604],[72,0.0259195],[73,0.0504042],[74,0.0488268],[75,0.0474544],[76,0.0481351],[77,0.0469456],[78,0.0492331],[79,0.0286351],[80,0.0288035],[81,0.0272919],[82,0.0265929],[83,0.0253339],[84,0.0253888],[85,0.0242286],[86,0.0236576],[87,0.0234454],[88,0.0235881],[89,0.0223364],[90,0.0220692],[91,0.0218313],[92,0.0209383],[93,0.0210701],[94,0.0198660],[95,0.0188851],[96,0.0183581],[97,0.0184093],[98,0.0175639]],"Digestive Tract Disease": [[68,0.0472127],[69,0.0464740],[70,0.0429955],[71,0.0405699],[72,0.0197734],[73,0.0384089],[74,0.0353147],[75,0.0337076],[76,0.0321206],[77,0.0294904],[78,0.0277037],[79,0.0294855],[80,0.0305684],[81,0.0319060],[82,0.0336627],[83,0.0318261],[84,0.0328293],[85,0.0332086],[86,0.0323601],[87,0.0317762],[88,0.0321605],[89,0.0322803],[90,0.0309078],[91,0.0305784],[92,0.0306433],[93,0.0297200],[94,0.0304187],[95,0.0273095],[96,0.0255128],[97,0.0255877],[98,0.0234865]],